brand_id,brand_display
hoshanho,HOSHANHO
paudin,PAUDIN
patikil,PATIKIL
cuisinart,Cuisinart
nanfang brothers,NANFANG BROTHERS
knifesaga,KnifeSaga
sunnecko,Sunnecko
d.perlla,D.Perlla
ayanica,AYANICA
henckels,HENCKELS
cutluxe,Cutluxe
mad shark,MAD SHARK
keemake,KEEMAKE
findking,FINDKING
katisun,KATISUN
kitchenaid,KitchenAid
dockorio,Dockorio
kuisine,KUISINE
brodark,BRODARK
imarku,imarku
dragon riot,DRAGON RIOT
martha stewart,Martha Stewart
shan zu,SHAN ZU
tuo,TUO
bulofe,BULOFE
yusotan,YUSOTAN
aomiesen,Aomiesen
oou,OOU
zilnehz,ZILNEHZ
kangdelun,kangdelun
princhef,PrinChef
mdhand,MDHAND
eatneat,EatNeat
dnifo,Dnifo
kanngou,kanngou
syokami,SYOKAMI
huusk,Huusk
wizeka,WIZEKA
oaksware,OAKSWARE
fullhi,FULLHI
kitchellence,KITCHELLENCE
andong,ANDONG
ibeike,IBEIKE
matsato,Matsato
oxford chef,Oxford CHEF
dura living,DURA LIVING
diagsh,Diagsh
tivoli,TIVOLI
zwilling,ZWILLING
coquusaid,CoquusAid
brooklyn cutlery,BROOKLYN CUTLERY
klaus meyer,Klaus Meyer
amorston,Amorston
emojoy,Emojoy
xanapon,XANAPON
haugo,Haugo
kushank,Kushank
fohere,FOHERE
cucut,CuCut
mac knife,Mac Knife
wuleeco,WULEECO
cangshan,Cangshan
ethyxe,Ethyxe
topfeel,Topfeel
drgskl,DRGSKL
mccook,McCook
wangmazi,WANGMAZI
hanmaster,Hanmaster
elitequo,elitequo
vestaware,Vestaware
chicago cutlery,Chicago Cutlery
misen,Misen
la onirique lux living,LA ONIRIQUE LUX LIVING
home hero,Home Hero
czeslaw,Czeslaw
toplucky,TOPLUCKY
amazon basics,Amazon Basics
chef craft,Chef Craft
zunmark,ZUNMARK
qegnobok,QEGNOBOK
cook n home,Cook N Home
brewin,Brewin
hoichhua,HoichHua
calphalon,Calphalon
goodcook,GoodCook
yosfo,YOSFO
boston steel,Boston Steel
bolexino,BOLEXINO
ddf iohef,DDF iohEF
hampton forge,Hampton Forge
xyj,XYJ
nutrichef,NutriChef
yatoshi knives,Yatoshi Knives
piklohas,Piklohas
kyoku,KYOKU
astercook,Astercook
ishetao,isheTao
cooluxry,Cooluxry
winco,Winco
dearithe,dearithe
retrosohoo,RETROSOHOO
canku,Canku
vvwgkpk,Vvwgkpk
oakvy,OAKVY
cohesion,Cohesion
kershaw,Kershaw
kihinewchten,kihinewchten
nomadic outpost,Nomadic Outpost
bright hobby,Bright Hobby
funistree,Funistree
moss & stone,Moss & Stone
meiflolu,MEIFLOLU
babish,Babish
cutco,Cutco
vorgexora,Vorgexora
diamosteel,diamosteel
aisyoko,aisyoko
ikxo,IKXO
oster,Oster
carote,CAROTE
euna,EUNA
cokinutvalleyus,Cokinutvalleyus
generic,Generic
yarenh,YARENH
arrtcy,Arrtcy
styled settings,STYLED SETTINGS
hueease,HueEase
kitnats,KITNATS
farberware,Farberware
mossy oak,Mossy Oak
ytuomzi,Ytuomzi
cuisine::pro,CUISINE::PRO
wakoli,Wakoli
fikshot,FikShot
romanticist,ROMANTICIST
weerltem,WEERLTEM
nanbone,Nanbone
masterchef,MasterChef
michelangelo,MICHELANGELO
bloomhouse,bloomhouse
ksendalo,KSENDALO
gourmetop,Gourmetop
simcoker,SimCoker
miki,Miki
fodcoki,FODCOKI
mealia,Mealia
fintiso,FINTISO
marco almond,Marco Almond
kosha,KOSHA
jf james.f,JF JAMES.F
kingstone,KINGSTONE
musifan,Musifan
vremi,Vremi
tilibeika,TILIBEIKA
chimecook,ChimeCook
hancorys,Hancorys
wellsure,wellsure
magicorange,Magicorange
housewish,HouseWish
asety,ASETY
linoroso,linoroso
xinzuo,XINZUO
ewfen,EWFEN
new england cutlery,New England Cutlery
coolina,COOLINA
wanbasion,Wanbasion
enoking,ENOKING
kofery,KOFERY
zhang xiao quan since 1628,ZHANG XIAO QUAN SINCE 1628
legend cookware,LEGEND COOKWARE
chushiji,CHUSHIJI
sandewily,SANDEWILY
wickwillow,WICKWILLOW
tancuzo,Tancuzo
cokuma,COKUMA
oddier,ODDIER
xchief pro,XCHIEF PRO
zoxa,Zoxa
umite chef,Umite Chef
senken knives,Senken Knives
cooks standard,Cooks Standard
wopzra,WopZra
tudoccy,Tudoccy
dream reach,Dream Reach
tijeras,TIJERAS
deco chef,Deco Chef
master maison,Master Maison
raxco,RAXCO
lingxianseng,LINGXIANSENG
cathylin,CATHYLIN
kobach,KOBACH
daily chef,Daily Chef
waldwerk,WALDWERK
trivon,Trivon
aokeda,AOKEDA
biezumn,BieZumn
schmidt bros.,Schmidt Bros.
e-far,E-far
five cows,FIVE COWS
ninja,Ninja
msy bigsunny,MSY BIGSUNNY
emb,EMB
bomass,BOMASS
dajoujs,DAJOUJS
haware,HaWare
numola,Numola
henkeliving,HENKELIVING
mosfiata,MOSFiATA
kunyuan,KUNYUAN
scole,SCOLE
svensbjerg,Svensbjerg
zongchuan,zongchuan
meleho,Meleho
winco acero cutlery line,Winco Acero Cutlery line
little cook since 1995,LITTLE COOK SINCE 1995
ifomaps,ifomaps
kai,KAI
kimura,Kimura
kawahiro,KAWAHIRO
shun,Shun
mkeevee,Mkeevee
vos,Vos
diihauzz,DiiHAUZZ
hinye,Hinye
sanmuzuo,SANMUZUO
wüsthof,Wüsthof
sur la table,Sur La Table
yokashi,YOKASHI
kamikoto,Kamikoto
kincano,kincano
golden bird,Golden Bird
diversity ds,Diversity DS
yotsuba,YOTSUBA
naitesen,Naitesen
qisebin,Qisebin
famcüte,FAMCÜTE
tj pop,TJ POP
purple dragon,Purple Dragon
sixilang,SIXILANG
matrlvibe,MATRLVIBE
mercer culinary,Mercer Culinary
ignited cutlery,IGNITED CUTLERY
hzylyml,HZYLYML
kitchen perfection,Kitchen perfection
oderfun,ODERFUN
livtek,Livtek
atumuryou jpck,Atumuryou JPCK
mitsumoto sakari,MITSUMOTO SAKARI
tongmaru,TONGMARU
utopia kitchen,Utopia Kitchen
kosror,KOSROR
samcook,SAMCOOK
rococo,ROCOCO
veroxis,VEROXIS
kimrose,KIMROSE
simple song,Simple Song
